file_name,label,file_path
berkay_parca_0.wav,berkay,ses_dosyalari/new_wav_folder\berkay_parca_0.wav
berkay_parca_1.wav,berkay,ses_dosyalari/new_wav_folder\berkay_parca_1.wav
berkay_parca_10.wav,berkay,ses_dosyalari/new_wav_folder\berkay_parca_10.wav
berkay_parca_100.wav,berkay,ses_dosyalari/new_wav_folder\berkay_parca_100.wav
berkay_parca_101.wav,berkay,ses_dosyalari/new_wav_folder\berkay_parca_101.wav
berkay_parca_102.wav,berkay,ses_dosyalari/new_wav_folder\berkay_parca_102.wav
berkay_parca_103.wav,berkay,ses_dosyalari/new_wav_folder\berkay_parca_103.wav
berkay_parca_104.wav,berkay,ses_dosyalari/new_wav_folder\berkay_parca_104.wav
berkay_parca_105.wav,berkay,ses_dosyalari/new_wav_folder\berkay_parca_105.wav
berkay_parca_106.wav,berkay,ses_dosyalari/new_wav_folder\berkay_parca_106.wav
berkay_parca_107.wav,berkay,ses_dosyalari/new_wav_folder\berkay_parca_107.wav
berkay_parca_108.wav,berkay,ses_dosyalari/new_wav_folder\berkay_parca_108.wav
berkay_parca_109.wav,berkay,ses_dosyalari/new_wav_folder\berkay_parca_109.wav
berkay_parca_11.wav,berkay,ses_dosyalari/new_wav_folder\berkay_parca_11.wav
berkay_parca_110.wav,berkay,ses_dosyalari/new_wav_folder\berkay_parca_110.wav
berkay_parca_111.wav,berkay,ses_dosyalari/new_wav_folder\berkay_parca_111.wav
berkay_parca_112.wav,berkay,ses_dosyalari/new_wav_folder\berkay_parca_112.wav
berkay_parca_113.wav,berkay,ses_dosyalari/new_wav_folder\berkay_parca_113.wav
berkay_parca_114.wav,berkay,ses_dosyalari/new_wav_folder\berkay_parca_114.wav
berkay_parca_115.wav,berkay,ses_dosyalari/new_wav_folder\berkay_parca_115.wav
berkay_parca_116.wav,berkay,ses_dosyalari/new_wav_folder\berkay_parca_116.wav
berkay_parca_117.wav,berkay,ses_dosyalari/new_wav_folder\berkay_parca_117.wav
berkay_parca_118.wav,berkay,ses_dosyalari/new_wav_folder\berkay_parca_118.wav
berkay_parca_119.wav,berkay,ses_dosyalari/new_wav_folder\berkay_parca_119.wav
berkay_parca_12.wav,berkay,ses_dosyalari/new_wav_folder\berkay_parca_12.wav
berkay_parca_120.wav,berkay,ses_dosyalari/new_wav_folder\berkay_parca_120.wav
berkay_parca_121.wav,berkay,ses_dosyalari/new_wav_folder\berkay_parca_121.wav
berkay_parca_122.wav,berkay,ses_dosyalari/new_wav_folder\berkay_parca_122.wav
berkay_parca_123.wav,berkay,ses_dosyalari/new_wav_folder\berkay_parca_123.wav
berkay_parca_124.wav,berkay,ses_dosyalari/new_wav_folder\berkay_parca_124.wav
berkay_parca_125.wav,berkay,ses_dosyalari/new_wav_folder\berkay_parca_125.wav
berkay_parca_126.wav,berkay,ses_dosyalari/new_wav_folder\berkay_parca_126.wav
berkay_parca_127.wav,berkay,ses_dosyalari/new_wav_folder\berkay_parca_127.wav
berkay_parca_128.wav,berkay,ses_dosyalari/new_wav_folder\berkay_parca_128.wav
berkay_parca_129.wav,berkay,ses_dosyalari/new_wav_folder\berkay_parca_129.wav
berkay_parca_13.wav,berkay,ses_dosyalari/new_wav_folder\berkay_parca_13.wav
berkay_parca_130.wav,berkay,ses_dosyalari/new_wav_folder\berkay_parca_130.wav
berkay_parca_131.wav,berkay,ses_dosyalari/new_wav_folder\berkay_parca_131.wav
berkay_parca_132.wav,berkay,ses_dosyalari/new_wav_folder\berkay_parca_132.wav
berkay_parca_133.wav,berkay,ses_dosyalari/new_wav_folder\berkay_parca_133.wav
berkay_parca_134.wav,berkay,ses_dosyalari/new_wav_folder\berkay_parca_134.wav
berkay_parca_135.wav,berkay,ses_dosyalari/new_wav_folder\berkay_parca_135.wav
berkay_parca_136.wav,berkay,ses_dosyalari/new_wav_folder\berkay_parca_136.wav
berkay_parca_137.wav,berkay,ses_dosyalari/new_wav_folder\berkay_parca_137.wav
berkay_parca_138.wav,berkay,ses_dosyalari/new_wav_folder\berkay_parca_138.wav
berkay_parca_139.wav,berkay,ses_dosyalari/new_wav_folder\berkay_parca_139.wav
berkay_parca_14.wav,berkay,ses_dosyalari/new_wav_folder\berkay_parca_14.wav
berkay_parca_140.wav,berkay,ses_dosyalari/new_wav_folder\berkay_parca_140.wav
berkay_parca_141.wav,berkay,ses_dosyalari/new_wav_folder\berkay_parca_141.wav
berkay_parca_142.wav,berkay,ses_dosyalari/new_wav_folder\berkay_parca_142.wav
berkay_parca_143.wav,berkay,ses_dosyalari/new_wav_folder\berkay_parca_143.wav
berkay_parca_144.wav,berkay,ses_dosyalari/new_wav_folder\berkay_parca_144.wav
berkay_parca_145.wav,berkay,ses_dosyalari/new_wav_folder\berkay_parca_145.wav
berkay_parca_146.wav,berkay,ses_dosyalari/new_wav_folder\berkay_parca_146.wav
berkay_parca_147.wav,berkay,ses_dosyalari/new_wav_folder\berkay_parca_147.wav
berkay_parca_148.wav,berkay,ses_dosyalari/new_wav_folder\berkay_parca_148.wav
berkay_parca_149.wav,berkay,ses_dosyalari/new_wav_folder\berkay_parca_149.wav
berkay_parca_15.wav,berkay,ses_dosyalari/new_wav_folder\berkay_parca_15.wav
berkay_parca_150.wav,berkay,ses_dosyalari/new_wav_folder\berkay_parca_150.wav
berkay_parca_151.wav,berkay,ses_dosyalari/new_wav_folder\berkay_parca_151.wav
berkay_parca_152.wav,berkay,ses_dosyalari/new_wav_folder\berkay_parca_152.wav
berkay_parca_153.wav,berkay,ses_dosyalari/new_wav_folder\berkay_parca_153.wav
berkay_parca_154.wav,berkay,ses_dosyalari/new_wav_folder\berkay_parca_154.wav
berkay_parca_155.wav,berkay,ses_dosyalari/new_wav_folder\berkay_parca_155.wav
berkay_parca_156.wav,berkay,ses_dosyalari/new_wav_folder\berkay_parca_156.wav
berkay_parca_157.wav,berkay,ses_dosyalari/new_wav_folder\berkay_parca_157.wav
berkay_parca_158.wav,berkay,ses_dosyalari/new_wav_folder\berkay_parca_158.wav
berkay_parca_159.wav,berkay,ses_dosyalari/new_wav_folder\berkay_parca_159.wav
berkay_parca_16.wav,berkay,ses_dosyalari/new_wav_folder\berkay_parca_16.wav
berkay_parca_160.wav,berkay,ses_dosyalari/new_wav_folder\berkay_parca_160.wav
berkay_parca_161.wav,berkay,ses_dosyalari/new_wav_folder\berkay_parca_161.wav
berkay_parca_162.wav,berkay,ses_dosyalari/new_wav_folder\berkay_parca_162.wav
berkay_parca_163.wav,berkay,ses_dosyalari/new_wav_folder\berkay_parca_163.wav
berkay_parca_164.wav,berkay,ses_dosyalari/new_wav_folder\berkay_parca_164.wav
berkay_parca_165.wav,berkay,ses_dosyalari/new_wav_folder\berkay_parca_165.wav
berkay_parca_166.wav,berkay,ses_dosyalari/new_wav_folder\berkay_parca_166.wav
berkay_parca_167.wav,berkay,ses_dosyalari/new_wav_folder\berkay_parca_167.wav
berkay_parca_168.wav,berkay,ses_dosyalari/new_wav_folder\berkay_parca_168.wav
berkay_parca_169.wav,berkay,ses_dosyalari/new_wav_folder\berkay_parca_169.wav
berkay_parca_17.wav,berkay,ses_dosyalari/new_wav_folder\berkay_parca_17.wav
berkay_parca_170.wav,berkay,ses_dosyalari/new_wav_folder\berkay_parca_170.wav
berkay_parca_171.wav,berkay,ses_dosyalari/new_wav_folder\berkay_parca_171.wav
berkay_parca_172.wav,berkay,ses_dosyalari/new_wav_folder\berkay_parca_172.wav
berkay_parca_173.wav,berkay,ses_dosyalari/new_wav_folder\berkay_parca_173.wav
berkay_parca_174.wav,berkay,ses_dosyalari/new_wav_folder\berkay_parca_174.wav
berkay_parca_175.wav,berkay,ses_dosyalari/new_wav_folder\berkay_parca_175.wav
berkay_parca_176.wav,berkay,ses_dosyalari/new_wav_folder\berkay_parca_176.wav
berkay_parca_177.wav,berkay,ses_dosyalari/new_wav_folder\berkay_parca_177.wav
berkay_parca_178.wav,berkay,ses_dosyalari/new_wav_folder\berkay_parca_178.wav
berkay_parca_179.wav,berkay,ses_dosyalari/new_wav_folder\berkay_parca_179.wav
berkay_parca_18.wav,berkay,ses_dosyalari/new_wav_folder\berkay_parca_18.wav
berkay_parca_180.wav,berkay,ses_dosyalari/new_wav_folder\berkay_parca_180.wav
berkay_parca_181.wav,berkay,ses_dosyalari/new_wav_folder\berkay_parca_181.wav
berkay_parca_182.wav,berkay,ses_dosyalari/new_wav_folder\berkay_parca_182.wav
berkay_parca_183.wav,berkay,ses_dosyalari/new_wav_folder\berkay_parca_183.wav
berkay_parca_184.wav,berkay,ses_dosyalari/new_wav_folder\berkay_parca_184.wav
berkay_parca_185.wav,berkay,ses_dosyalari/new_wav_folder\berkay_parca_185.wav
berkay_parca_186.wav,berkay,ses_dosyalari/new_wav_folder\berkay_parca_186.wav
berkay_parca_187.wav,berkay,ses_dosyalari/new_wav_folder\berkay_parca_187.wav
berkay_parca_188.wav,berkay,ses_dosyalari/new_wav_folder\berkay_parca_188.wav
berkay_parca_189.wav,berkay,ses_dosyalari/new_wav_folder\berkay_parca_189.wav
berkay_parca_19.wav,berkay,ses_dosyalari/new_wav_folder\berkay_parca_19.wav
berkay_parca_190.wav,berkay,ses_dosyalari/new_wav_folder\berkay_parca_190.wav
berkay_parca_191.wav,berkay,ses_dosyalari/new_wav_folder\berkay_parca_191.wav
berkay_parca_192.wav,berkay,ses_dosyalari/new_wav_folder\berkay_parca_192.wav
berkay_parca_193.wav,berkay,ses_dosyalari/new_wav_folder\berkay_parca_193.wav
berkay_parca_194.wav,berkay,ses_dosyalari/new_wav_folder\berkay_parca_194.wav
berkay_parca_195.wav,berkay,ses_dosyalari/new_wav_folder\berkay_parca_195.wav
berkay_parca_196.wav,berkay,ses_dosyalari/new_wav_folder\berkay_parca_196.wav
berkay_parca_197.wav,berkay,ses_dosyalari/new_wav_folder\berkay_parca_197.wav
berkay_parca_198.wav,berkay,ses_dosyalari/new_wav_folder\berkay_parca_198.wav
berkay_parca_199.wav,berkay,ses_dosyalari/new_wav_folder\berkay_parca_199.wav
berkay_parca_2.wav,berkay,ses_dosyalari/new_wav_folder\berkay_parca_2.wav
berkay_parca_20.wav,berkay,ses_dosyalari/new_wav_folder\berkay_parca_20.wav
berkay_parca_200.wav,berkay,ses_dosyalari/new_wav_folder\berkay_parca_200.wav
berkay_parca_201.wav,berkay,ses_dosyalari/new_wav_folder\berkay_parca_201.wav
berkay_parca_202.wav,berkay,ses_dosyalari/new_wav_folder\berkay_parca_202.wav
berkay_parca_203.wav,berkay,ses_dosyalari/new_wav_folder\berkay_parca_203.wav
berkay_parca_204.wav,berkay,ses_dosyalari/new_wav_folder\berkay_parca_204.wav
berkay_parca_205.wav,berkay,ses_dosyalari/new_wav_folder\berkay_parca_205.wav
berkay_parca_206.wav,berkay,ses_dosyalari/new_wav_folder\berkay_parca_206.wav
berkay_parca_207.wav,berkay,ses_dosyalari/new_wav_folder\berkay_parca_207.wav
berkay_parca_208.wav,berkay,ses_dosyalari/new_wav_folder\berkay_parca_208.wav
berkay_parca_209.wav,berkay,ses_dosyalari/new_wav_folder\berkay_parca_209.wav
berkay_parca_21.wav,berkay,ses_dosyalari/new_wav_folder\berkay_parca_21.wav
berkay_parca_210.wav,berkay,ses_dosyalari/new_wav_folder\berkay_parca_210.wav
berkay_parca_211.wav,berkay,ses_dosyalari/new_wav_folder\berkay_parca_211.wav
berkay_parca_212.wav,berkay,ses_dosyalari/new_wav_folder\berkay_parca_212.wav
berkay_parca_213.wav,berkay,ses_dosyalari/new_wav_folder\berkay_parca_213.wav
berkay_parca_214.wav,berkay,ses_dosyalari/new_wav_folder\berkay_parca_214.wav
berkay_parca_215.wav,berkay,ses_dosyalari/new_wav_folder\berkay_parca_215.wav
berkay_parca_216.wav,berkay,ses_dosyalari/new_wav_folder\berkay_parca_216.wav
berkay_parca_217.wav,berkay,ses_dosyalari/new_wav_folder\berkay_parca_217.wav
berkay_parca_218.wav,berkay,ses_dosyalari/new_wav_folder\berkay_parca_218.wav
berkay_parca_219.wav,berkay,ses_dosyalari/new_wav_folder\berkay_parca_219.wav
berkay_parca_22.wav,berkay,ses_dosyalari/new_wav_folder\berkay_parca_22.wav
berkay_parca_220.wav,berkay,ses_dosyalari/new_wav_folder\berkay_parca_220.wav
berkay_parca_221.wav,berkay,ses_dosyalari/new_wav_folder\berkay_parca_221.wav
berkay_parca_222.wav,berkay,ses_dosyalari/new_wav_folder\berkay_parca_222.wav
berkay_parca_223.wav,berkay,ses_dosyalari/new_wav_folder\berkay_parca_223.wav
berkay_parca_224.wav,berkay,ses_dosyalari/new_wav_folder\berkay_parca_224.wav
berkay_parca_225.wav,berkay,ses_dosyalari/new_wav_folder\berkay_parca_225.wav
berkay_parca_226.wav,berkay,ses_dosyalari/new_wav_folder\berkay_parca_226.wav
berkay_parca_227.wav,berkay,ses_dosyalari/new_wav_folder\berkay_parca_227.wav
berkay_parca_228.wav,berkay,ses_dosyalari/new_wav_folder\berkay_parca_228.wav
berkay_parca_229.wav,berkay,ses_dosyalari/new_wav_folder\berkay_parca_229.wav
berkay_parca_23.wav,berkay,ses_dosyalari/new_wav_folder\berkay_parca_23.wav
berkay_parca_230.wav,berkay,ses_dosyalari/new_wav_folder\berkay_parca_230.wav
berkay_parca_231.wav,berkay,ses_dosyalari/new_wav_folder\berkay_parca_231.wav
berkay_parca_232.wav,berkay,ses_dosyalari/new_wav_folder\berkay_parca_232.wav
berkay_parca_233.wav,berkay,ses_dosyalari/new_wav_folder\berkay_parca_233.wav
berkay_parca_234.wav,berkay,ses_dosyalari/new_wav_folder\berkay_parca_234.wav
berkay_parca_235.wav,berkay,ses_dosyalari/new_wav_folder\berkay_parca_235.wav
berkay_parca_236.wav,berkay,ses_dosyalari/new_wav_folder\berkay_parca_236.wav
berkay_parca_237.wav,berkay,ses_dosyalari/new_wav_folder\berkay_parca_237.wav
berkay_parca_238.wav,berkay,ses_dosyalari/new_wav_folder\berkay_parca_238.wav
berkay_parca_239.wav,berkay,ses_dosyalari/new_wav_folder\berkay_parca_239.wav
berkay_parca_24.wav,berkay,ses_dosyalari/new_wav_folder\berkay_parca_24.wav
berkay_parca_240.wav,berkay,ses_dosyalari/new_wav_folder\berkay_parca_240.wav
berkay_parca_241.wav,berkay,ses_dosyalari/new_wav_folder\berkay_parca_241.wav
berkay_parca_242.wav,berkay,ses_dosyalari/new_wav_folder\berkay_parca_242.wav
berkay_parca_243.wav,berkay,ses_dosyalari/new_wav_folder\berkay_parca_243.wav
berkay_parca_244.wav,berkay,ses_dosyalari/new_wav_folder\berkay_parca_244.wav
berkay_parca_245.wav,berkay,ses_dosyalari/new_wav_folder\berkay_parca_245.wav
berkay_parca_246.wav,berkay,ses_dosyalari/new_wav_folder\berkay_parca_246.wav
berkay_parca_247.wav,berkay,ses_dosyalari/new_wav_folder\berkay_parca_247.wav
berkay_parca_248.wav,berkay,ses_dosyalari/new_wav_folder\berkay_parca_248.wav
berkay_parca_249.wav,berkay,ses_dosyalari/new_wav_folder\berkay_parca_249.wav
berkay_parca_25.wav,berkay,ses_dosyalari/new_wav_folder\berkay_parca_25.wav
berkay_parca_250.wav,berkay,ses_dosyalari/new_wav_folder\berkay_parca_250.wav
berkay_parca_251.wav,berkay,ses_dosyalari/new_wav_folder\berkay_parca_251.wav
berkay_parca_252.wav,berkay,ses_dosyalari/new_wav_folder\berkay_parca_252.wav
berkay_parca_253.wav,berkay,ses_dosyalari/new_wav_folder\berkay_parca_253.wav
berkay_parca_254.wav,berkay,ses_dosyalari/new_wav_folder\berkay_parca_254.wav
berkay_parca_255.wav,berkay,ses_dosyalari/new_wav_folder\berkay_parca_255.wav
berkay_parca_256.wav,berkay,ses_dosyalari/new_wav_folder\berkay_parca_256.wav
berkay_parca_257.wav,berkay,ses_dosyalari/new_wav_folder\berkay_parca_257.wav
berkay_parca_258.wav,berkay,ses_dosyalari/new_wav_folder\berkay_parca_258.wav
berkay_parca_259.wav,berkay,ses_dosyalari/new_wav_folder\berkay_parca_259.wav
berkay_parca_26.wav,berkay,ses_dosyalari/new_wav_folder\berkay_parca_26.wav
berkay_parca_260.wav,berkay,ses_dosyalari/new_wav_folder\berkay_parca_260.wav
berkay_parca_261.wav,berkay,ses_dosyalari/new_wav_folder\berkay_parca_261.wav
berkay_parca_262.wav,berkay,ses_dosyalari/new_wav_folder\berkay_parca_262.wav
berkay_parca_263.wav,berkay,ses_dosyalari/new_wav_folder\berkay_parca_263.wav
berkay_parca_264.wav,berkay,ses_dosyalari/new_wav_folder\berkay_parca_264.wav
berkay_parca_265.wav,berkay,ses_dosyalari/new_wav_folder\berkay_parca_265.wav
berkay_parca_266.wav,berkay,ses_dosyalari/new_wav_folder\berkay_parca_266.wav
berkay_parca_267.wav,berkay,ses_dosyalari/new_wav_folder\berkay_parca_267.wav
berkay_parca_268.wav,berkay,ses_dosyalari/new_wav_folder\berkay_parca_268.wav
berkay_parca_269.wav,berkay,ses_dosyalari/new_wav_folder\berkay_parca_269.wav
berkay_parca_27.wav,berkay,ses_dosyalari/new_wav_folder\berkay_parca_27.wav
berkay_parca_270.wav,berkay,ses_dosyalari/new_wav_folder\berkay_parca_270.wav
berkay_parca_271.wav,berkay,ses_dosyalari/new_wav_folder\berkay_parca_271.wav
berkay_parca_272.wav,berkay,ses_dosyalari/new_wav_folder\berkay_parca_272.wav
berkay_parca_273.wav,berkay,ses_dosyalari/new_wav_folder\berkay_parca_273.wav
berkay_parca_274.wav,berkay,ses_dosyalari/new_wav_folder\berkay_parca_274.wav
berkay_parca_275.wav,berkay,ses_dosyalari/new_wav_folder\berkay_parca_275.wav
berkay_parca_276.wav,berkay,ses_dosyalari/new_wav_folder\berkay_parca_276.wav
berkay_parca_277.wav,berkay,ses_dosyalari/new_wav_folder\berkay_parca_277.wav
berkay_parca_278.wav,berkay,ses_dosyalari/new_wav_folder\berkay_parca_278.wav
berkay_parca_279.wav,berkay,ses_dosyalari/new_wav_folder\berkay_parca_279.wav
berkay_parca_28.wav,berkay,ses_dosyalari/new_wav_folder\berkay_parca_28.wav
berkay_parca_280.wav,berkay,ses_dosyalari/new_wav_folder\berkay_parca_280.wav
berkay_parca_281.wav,berkay,ses_dosyalari/new_wav_folder\berkay_parca_281.wav
berkay_parca_29.wav,berkay,ses_dosyalari/new_wav_folder\berkay_parca_29.wav
berkay_parca_3.wav,berkay,ses_dosyalari/new_wav_folder\berkay_parca_3.wav
berkay_parca_30.wav,berkay,ses_dosyalari/new_wav_folder\berkay_parca_30.wav
berkay_parca_31.wav,berkay,ses_dosyalari/new_wav_folder\berkay_parca_31.wav
berkay_parca_32.wav,berkay,ses_dosyalari/new_wav_folder\berkay_parca_32.wav
berkay_parca_33.wav,berkay,ses_dosyalari/new_wav_folder\berkay_parca_33.wav
berkay_parca_34.wav,berkay,ses_dosyalari/new_wav_folder\berkay_parca_34.wav
berkay_parca_35.wav,berkay,ses_dosyalari/new_wav_folder\berkay_parca_35.wav
berkay_parca_36.wav,berkay,ses_dosyalari/new_wav_folder\berkay_parca_36.wav
berkay_parca_37.wav,berkay,ses_dosyalari/new_wav_folder\berkay_parca_37.wav
berkay_parca_38.wav,berkay,ses_dosyalari/new_wav_folder\berkay_parca_38.wav
berkay_parca_39.wav,berkay,ses_dosyalari/new_wav_folder\berkay_parca_39.wav
berkay_parca_4.wav,berkay,ses_dosyalari/new_wav_folder\berkay_parca_4.wav
berkay_parca_40.wav,berkay,ses_dosyalari/new_wav_folder\berkay_parca_40.wav
berkay_parca_41.wav,berkay,ses_dosyalari/new_wav_folder\berkay_parca_41.wav
berkay_parca_42.wav,berkay,ses_dosyalari/new_wav_folder\berkay_parca_42.wav
berkay_parca_43.wav,berkay,ses_dosyalari/new_wav_folder\berkay_parca_43.wav
berkay_parca_44.wav,berkay,ses_dosyalari/new_wav_folder\berkay_parca_44.wav
berkay_parca_45.wav,berkay,ses_dosyalari/new_wav_folder\berkay_parca_45.wav
berkay_parca_46.wav,berkay,ses_dosyalari/new_wav_folder\berkay_parca_46.wav
berkay_parca_47.wav,berkay,ses_dosyalari/new_wav_folder\berkay_parca_47.wav
berkay_parca_48.wav,berkay,ses_dosyalari/new_wav_folder\berkay_parca_48.wav
berkay_parca_49.wav,berkay,ses_dosyalari/new_wav_folder\berkay_parca_49.wav
berkay_parca_5.wav,berkay,ses_dosyalari/new_wav_folder\berkay_parca_5.wav
berkay_parca_50.wav,berkay,ses_dosyalari/new_wav_folder\berkay_parca_50.wav
berkay_parca_51.wav,berkay,ses_dosyalari/new_wav_folder\berkay_parca_51.wav
berkay_parca_52.wav,berkay,ses_dosyalari/new_wav_folder\berkay_parca_52.wav
berkay_parca_53.wav,berkay,ses_dosyalari/new_wav_folder\berkay_parca_53.wav
berkay_parca_54.wav,berkay,ses_dosyalari/new_wav_folder\berkay_parca_54.wav
berkay_parca_55.wav,berkay,ses_dosyalari/new_wav_folder\berkay_parca_55.wav
berkay_parca_56.wav,berkay,ses_dosyalari/new_wav_folder\berkay_parca_56.wav
berkay_parca_57.wav,berkay,ses_dosyalari/new_wav_folder\berkay_parca_57.wav
berkay_parca_58.wav,berkay,ses_dosyalari/new_wav_folder\berkay_parca_58.wav
berkay_parca_59.wav,berkay,ses_dosyalari/new_wav_folder\berkay_parca_59.wav
berkay_parca_6.wav,berkay,ses_dosyalari/new_wav_folder\berkay_parca_6.wav
berkay_parca_60.wav,berkay,ses_dosyalari/new_wav_folder\berkay_parca_60.wav
berkay_parca_61.wav,berkay,ses_dosyalari/new_wav_folder\berkay_parca_61.wav
berkay_parca_62.wav,berkay,ses_dosyalari/new_wav_folder\berkay_parca_62.wav
berkay_parca_63.wav,berkay,ses_dosyalari/new_wav_folder\berkay_parca_63.wav
berkay_parca_64.wav,berkay,ses_dosyalari/new_wav_folder\berkay_parca_64.wav
berkay_parca_65.wav,berkay,ses_dosyalari/new_wav_folder\berkay_parca_65.wav
berkay_parca_66.wav,berkay,ses_dosyalari/new_wav_folder\berkay_parca_66.wav
berkay_parca_67.wav,berkay,ses_dosyalari/new_wav_folder\berkay_parca_67.wav
berkay_parca_68.wav,berkay,ses_dosyalari/new_wav_folder\berkay_parca_68.wav
berkay_parca_69.wav,berkay,ses_dosyalari/new_wav_folder\berkay_parca_69.wav
berkay_parca_7.wav,berkay,ses_dosyalari/new_wav_folder\berkay_parca_7.wav
berkay_parca_70.wav,berkay,ses_dosyalari/new_wav_folder\berkay_parca_70.wav
berkay_parca_71.wav,berkay,ses_dosyalari/new_wav_folder\berkay_parca_71.wav
berkay_parca_72.wav,berkay,ses_dosyalari/new_wav_folder\berkay_parca_72.wav
berkay_parca_73.wav,berkay,ses_dosyalari/new_wav_folder\berkay_parca_73.wav
berkay_parca_74.wav,berkay,ses_dosyalari/new_wav_folder\berkay_parca_74.wav
berkay_parca_75.wav,berkay,ses_dosyalari/new_wav_folder\berkay_parca_75.wav
berkay_parca_76.wav,berkay,ses_dosyalari/new_wav_folder\berkay_parca_76.wav
berkay_parca_77.wav,berkay,ses_dosyalari/new_wav_folder\berkay_parca_77.wav
berkay_parca_78.wav,berkay,ses_dosyalari/new_wav_folder\berkay_parca_78.wav
berkay_parca_79.wav,berkay,ses_dosyalari/new_wav_folder\berkay_parca_79.wav
berkay_parca_8.wav,berkay,ses_dosyalari/new_wav_folder\berkay_parca_8.wav
berkay_parca_80.wav,berkay,ses_dosyalari/new_wav_folder\berkay_parca_80.wav
berkay_parca_81.wav,berkay,ses_dosyalari/new_wav_folder\berkay_parca_81.wav
berkay_parca_82.wav,berkay,ses_dosyalari/new_wav_folder\berkay_parca_82.wav
berkay_parca_83.wav,berkay,ses_dosyalari/new_wav_folder\berkay_parca_83.wav
berkay_parca_84.wav,berkay,ses_dosyalari/new_wav_folder\berkay_parca_84.wav
berkay_parca_85.wav,berkay,ses_dosyalari/new_wav_folder\berkay_parca_85.wav
berkay_parca_86.wav,berkay,ses_dosyalari/new_wav_folder\berkay_parca_86.wav
berkay_parca_87.wav,berkay,ses_dosyalari/new_wav_folder\berkay_parca_87.wav
berkay_parca_88.wav,berkay,ses_dosyalari/new_wav_folder\berkay_parca_88.wav
berkay_parca_89.wav,berkay,ses_dosyalari/new_wav_folder\berkay_parca_89.wav
berkay_parca_9.wav,berkay,ses_dosyalari/new_wav_folder\berkay_parca_9.wav
berkay_parca_90.wav,berkay,ses_dosyalari/new_wav_folder\berkay_parca_90.wav
berkay_parca_91.wav,berkay,ses_dosyalari/new_wav_folder\berkay_parca_91.wav
berkay_parca_92.wav,berkay,ses_dosyalari/new_wav_folder\berkay_parca_92.wav
berkay_parca_93.wav,berkay,ses_dosyalari/new_wav_folder\berkay_parca_93.wav
berkay_parca_94.wav,berkay,ses_dosyalari/new_wav_folder\berkay_parca_94.wav
berkay_parca_95.wav,berkay,ses_dosyalari/new_wav_folder\berkay_parca_95.wav
berkay_parca_96.wav,berkay,ses_dosyalari/new_wav_folder\berkay_parca_96.wav
berkay_parca_97.wav,berkay,ses_dosyalari/new_wav_folder\berkay_parca_97.wav
berkay_parca_98.wav,berkay,ses_dosyalari/new_wav_folder\berkay_parca_98.wav
berkay_parca_99.wav,berkay,ses_dosyalari/new_wav_folder\berkay_parca_99.wav
ekin_parca_0.wav,ekin,ses_dosyalari/new_wav_folder\ekin_parca_0.wav
ekin_parca_1.wav,ekin,ses_dosyalari/new_wav_folder\ekin_parca_1.wav
ekin_parca_10.wav,ekin,ses_dosyalari/new_wav_folder\ekin_parca_10.wav
ekin_parca_100.wav,ekin,ses_dosyalari/new_wav_folder\ekin_parca_100.wav
ekin_parca_101.wav,ekin,ses_dosyalari/new_wav_folder\ekin_parca_101.wav
ekin_parca_102.wav,ekin,ses_dosyalari/new_wav_folder\ekin_parca_102.wav
ekin_parca_103.wav,ekin,ses_dosyalari/new_wav_folder\ekin_parca_103.wav
ekin_parca_104.wav,ekin,ses_dosyalari/new_wav_folder\ekin_parca_104.wav
ekin_parca_105.wav,ekin,ses_dosyalari/new_wav_folder\ekin_parca_105.wav
ekin_parca_106.wav,ekin,ses_dosyalari/new_wav_folder\ekin_parca_106.wav
ekin_parca_107.wav,ekin,ses_dosyalari/new_wav_folder\ekin_parca_107.wav
ekin_parca_108.wav,ekin,ses_dosyalari/new_wav_folder\ekin_parca_108.wav
ekin_parca_109.wav,ekin,ses_dosyalari/new_wav_folder\ekin_parca_109.wav
ekin_parca_11.wav,ekin,ses_dosyalari/new_wav_folder\ekin_parca_11.wav
ekin_parca_110.wav,ekin,ses_dosyalari/new_wav_folder\ekin_parca_110.wav
ekin_parca_111.wav,ekin,ses_dosyalari/new_wav_folder\ekin_parca_111.wav
ekin_parca_112.wav,ekin,ses_dosyalari/new_wav_folder\ekin_parca_112.wav
ekin_parca_113.wav,ekin,ses_dosyalari/new_wav_folder\ekin_parca_113.wav
ekin_parca_114.wav,ekin,ses_dosyalari/new_wav_folder\ekin_parca_114.wav
ekin_parca_115.wav,ekin,ses_dosyalari/new_wav_folder\ekin_parca_115.wav
ekin_parca_116.wav,ekin,ses_dosyalari/new_wav_folder\ekin_parca_116.wav
ekin_parca_117.wav,ekin,ses_dosyalari/new_wav_folder\ekin_parca_117.wav
ekin_parca_118.wav,ekin,ses_dosyalari/new_wav_folder\ekin_parca_118.wav
ekin_parca_119.wav,ekin,ses_dosyalari/new_wav_folder\ekin_parca_119.wav
ekin_parca_12.wav,ekin,ses_dosyalari/new_wav_folder\ekin_parca_12.wav
ekin_parca_120.wav,ekin,ses_dosyalari/new_wav_folder\ekin_parca_120.wav
ekin_parca_121.wav,ekin,ses_dosyalari/new_wav_folder\ekin_parca_121.wav
ekin_parca_122.wav,ekin,ses_dosyalari/new_wav_folder\ekin_parca_122.wav
ekin_parca_123.wav,ekin,ses_dosyalari/new_wav_folder\ekin_parca_123.wav
ekin_parca_124.wav,ekin,ses_dosyalari/new_wav_folder\ekin_parca_124.wav
ekin_parca_125.wav,ekin,ses_dosyalari/new_wav_folder\ekin_parca_125.wav
ekin_parca_126.wav,ekin,ses_dosyalari/new_wav_folder\ekin_parca_126.wav
ekin_parca_127.wav,ekin,ses_dosyalari/new_wav_folder\ekin_parca_127.wav
ekin_parca_128.wav,ekin,ses_dosyalari/new_wav_folder\ekin_parca_128.wav
ekin_parca_129.wav,ekin,ses_dosyalari/new_wav_folder\ekin_parca_129.wav
ekin_parca_13.wav,ekin,ses_dosyalari/new_wav_folder\ekin_parca_13.wav
ekin_parca_130.wav,ekin,ses_dosyalari/new_wav_folder\ekin_parca_130.wav
ekin_parca_131.wav,ekin,ses_dosyalari/new_wav_folder\ekin_parca_131.wav
ekin_parca_132.wav,ekin,ses_dosyalari/new_wav_folder\ekin_parca_132.wav
ekin_parca_133.wav,ekin,ses_dosyalari/new_wav_folder\ekin_parca_133.wav
ekin_parca_134.wav,ekin,ses_dosyalari/new_wav_folder\ekin_parca_134.wav
ekin_parca_135.wav,ekin,ses_dosyalari/new_wav_folder\ekin_parca_135.wav
ekin_parca_136.wav,ekin,ses_dosyalari/new_wav_folder\ekin_parca_136.wav
ekin_parca_137.wav,ekin,ses_dosyalari/new_wav_folder\ekin_parca_137.wav
ekin_parca_138.wav,ekin,ses_dosyalari/new_wav_folder\ekin_parca_138.wav
ekin_parca_139.wav,ekin,ses_dosyalari/new_wav_folder\ekin_parca_139.wav
ekin_parca_14.wav,ekin,ses_dosyalari/new_wav_folder\ekin_parca_14.wav
ekin_parca_140.wav,ekin,ses_dosyalari/new_wav_folder\ekin_parca_140.wav
ekin_parca_141.wav,ekin,ses_dosyalari/new_wav_folder\ekin_parca_141.wav
ekin_parca_142.wav,ekin,ses_dosyalari/new_wav_folder\ekin_parca_142.wav
ekin_parca_143.wav,ekin,ses_dosyalari/new_wav_folder\ekin_parca_143.wav
ekin_parca_144.wav,ekin,ses_dosyalari/new_wav_folder\ekin_parca_144.wav
ekin_parca_145.wav,ekin,ses_dosyalari/new_wav_folder\ekin_parca_145.wav
ekin_parca_146.wav,ekin,ses_dosyalari/new_wav_folder\ekin_parca_146.wav
ekin_parca_147.wav,ekin,ses_dosyalari/new_wav_folder\ekin_parca_147.wav
ekin_parca_148.wav,ekin,ses_dosyalari/new_wav_folder\ekin_parca_148.wav
ekin_parca_149.wav,ekin,ses_dosyalari/new_wav_folder\ekin_parca_149.wav
ekin_parca_15.wav,ekin,ses_dosyalari/new_wav_folder\ekin_parca_15.wav
ekin_parca_150.wav,ekin,ses_dosyalari/new_wav_folder\ekin_parca_150.wav
ekin_parca_151.wav,ekin,ses_dosyalari/new_wav_folder\ekin_parca_151.wav
ekin_parca_152.wav,ekin,ses_dosyalari/new_wav_folder\ekin_parca_152.wav
ekin_parca_153.wav,ekin,ses_dosyalari/new_wav_folder\ekin_parca_153.wav
ekin_parca_154.wav,ekin,ses_dosyalari/new_wav_folder\ekin_parca_154.wav
ekin_parca_155.wav,ekin,ses_dosyalari/new_wav_folder\ekin_parca_155.wav
ekin_parca_156.wav,ekin,ses_dosyalari/new_wav_folder\ekin_parca_156.wav
ekin_parca_157.wav,ekin,ses_dosyalari/new_wav_folder\ekin_parca_157.wav
ekin_parca_158.wav,ekin,ses_dosyalari/new_wav_folder\ekin_parca_158.wav
ekin_parca_159.wav,ekin,ses_dosyalari/new_wav_folder\ekin_parca_159.wav
ekin_parca_16.wav,ekin,ses_dosyalari/new_wav_folder\ekin_parca_16.wav
ekin_parca_160.wav,ekin,ses_dosyalari/new_wav_folder\ekin_parca_160.wav
ekin_parca_161.wav,ekin,ses_dosyalari/new_wav_folder\ekin_parca_161.wav
ekin_parca_162.wav,ekin,ses_dosyalari/new_wav_folder\ekin_parca_162.wav
ekin_parca_163.wav,ekin,ses_dosyalari/new_wav_folder\ekin_parca_163.wav
ekin_parca_164.wav,ekin,ses_dosyalari/new_wav_folder\ekin_parca_164.wav
ekin_parca_165.wav,ekin,ses_dosyalari/new_wav_folder\ekin_parca_165.wav
ekin_parca_166.wav,ekin,ses_dosyalari/new_wav_folder\ekin_parca_166.wav
ekin_parca_167.wav,ekin,ses_dosyalari/new_wav_folder\ekin_parca_167.wav
ekin_parca_168.wav,ekin,ses_dosyalari/new_wav_folder\ekin_parca_168.wav
ekin_parca_169.wav,ekin,ses_dosyalari/new_wav_folder\ekin_parca_169.wav
ekin_parca_17.wav,ekin,ses_dosyalari/new_wav_folder\ekin_parca_17.wav
ekin_parca_170.wav,ekin,ses_dosyalari/new_wav_folder\ekin_parca_170.wav
ekin_parca_171.wav,ekin,ses_dosyalari/new_wav_folder\ekin_parca_171.wav
ekin_parca_172.wav,ekin,ses_dosyalari/new_wav_folder\ekin_parca_172.wav
ekin_parca_173.wav,ekin,ses_dosyalari/new_wav_folder\ekin_parca_173.wav
ekin_parca_174.wav,ekin,ses_dosyalari/new_wav_folder\ekin_parca_174.wav
ekin_parca_175.wav,ekin,ses_dosyalari/new_wav_folder\ekin_parca_175.wav
ekin_parca_176.wav,ekin,ses_dosyalari/new_wav_folder\ekin_parca_176.wav
ekin_parca_177.wav,ekin,ses_dosyalari/new_wav_folder\ekin_parca_177.wav
ekin_parca_178.wav,ekin,ses_dosyalari/new_wav_folder\ekin_parca_178.wav
ekin_parca_179.wav,ekin,ses_dosyalari/new_wav_folder\ekin_parca_179.wav
ekin_parca_18.wav,ekin,ses_dosyalari/new_wav_folder\ekin_parca_18.wav
ekin_parca_180.wav,ekin,ses_dosyalari/new_wav_folder\ekin_parca_180.wav
ekin_parca_181.wav,ekin,ses_dosyalari/new_wav_folder\ekin_parca_181.wav
ekin_parca_182.wav,ekin,ses_dosyalari/new_wav_folder\ekin_parca_182.wav
ekin_parca_183.wav,ekin,ses_dosyalari/new_wav_folder\ekin_parca_183.wav
ekin_parca_184.wav,ekin,ses_dosyalari/new_wav_folder\ekin_parca_184.wav
ekin_parca_185.wav,ekin,ses_dosyalari/new_wav_folder\ekin_parca_185.wav
ekin_parca_186.wav,ekin,ses_dosyalari/new_wav_folder\ekin_parca_186.wav
ekin_parca_187.wav,ekin,ses_dosyalari/new_wav_folder\ekin_parca_187.wav
ekin_parca_188.wav,ekin,ses_dosyalari/new_wav_folder\ekin_parca_188.wav
ekin_parca_189.wav,ekin,ses_dosyalari/new_wav_folder\ekin_parca_189.wav
ekin_parca_19.wav,ekin,ses_dosyalari/new_wav_folder\ekin_parca_19.wav
ekin_parca_190.wav,ekin,ses_dosyalari/new_wav_folder\ekin_parca_190.wav
ekin_parca_191.wav,ekin,ses_dosyalari/new_wav_folder\ekin_parca_191.wav
ekin_parca_192.wav,ekin,ses_dosyalari/new_wav_folder\ekin_parca_192.wav
ekin_parca_193.wav,ekin,ses_dosyalari/new_wav_folder\ekin_parca_193.wav
ekin_parca_194.wav,ekin,ses_dosyalari/new_wav_folder\ekin_parca_194.wav
ekin_parca_195.wav,ekin,ses_dosyalari/new_wav_folder\ekin_parca_195.wav
ekin_parca_196.wav,ekin,ses_dosyalari/new_wav_folder\ekin_parca_196.wav
ekin_parca_197.wav,ekin,ses_dosyalari/new_wav_folder\ekin_parca_197.wav
ekin_parca_198.wav,ekin,ses_dosyalari/new_wav_folder\ekin_parca_198.wav
ekin_parca_199.wav,ekin,ses_dosyalari/new_wav_folder\ekin_parca_199.wav
ekin_parca_2.wav,ekin,ses_dosyalari/new_wav_folder\ekin_parca_2.wav
ekin_parca_20.wav,ekin,ses_dosyalari/new_wav_folder\ekin_parca_20.wav
ekin_parca_200.wav,ekin,ses_dosyalari/new_wav_folder\ekin_parca_200.wav
ekin_parca_201.wav,ekin,ses_dosyalari/new_wav_folder\ekin_parca_201.wav
ekin_parca_202.wav,ekin,ses_dosyalari/new_wav_folder\ekin_parca_202.wav
ekin_parca_203.wav,ekin,ses_dosyalari/new_wav_folder\ekin_parca_203.wav
ekin_parca_204.wav,ekin,ses_dosyalari/new_wav_folder\ekin_parca_204.wav
ekin_parca_205.wav,ekin,ses_dosyalari/new_wav_folder\ekin_parca_205.wav
ekin_parca_206.wav,ekin,ses_dosyalari/new_wav_folder\ekin_parca_206.wav
ekin_parca_207.wav,ekin,ses_dosyalari/new_wav_folder\ekin_parca_207.wav
ekin_parca_208.wav,ekin,ses_dosyalari/new_wav_folder\ekin_parca_208.wav
ekin_parca_209.wav,ekin,ses_dosyalari/new_wav_folder\ekin_parca_209.wav
ekin_parca_21.wav,ekin,ses_dosyalari/new_wav_folder\ekin_parca_21.wav
ekin_parca_210.wav,ekin,ses_dosyalari/new_wav_folder\ekin_parca_210.wav
ekin_parca_211.wav,ekin,ses_dosyalari/new_wav_folder\ekin_parca_211.wav
ekin_parca_212.wav,ekin,ses_dosyalari/new_wav_folder\ekin_parca_212.wav
ekin_parca_213.wav,ekin,ses_dosyalari/new_wav_folder\ekin_parca_213.wav
ekin_parca_214.wav,ekin,ses_dosyalari/new_wav_folder\ekin_parca_214.wav
ekin_parca_215.wav,ekin,ses_dosyalari/new_wav_folder\ekin_parca_215.wav
ekin_parca_216.wav,ekin,ses_dosyalari/new_wav_folder\ekin_parca_216.wav
ekin_parca_217.wav,ekin,ses_dosyalari/new_wav_folder\ekin_parca_217.wav
ekin_parca_218.wav,ekin,ses_dosyalari/new_wav_folder\ekin_parca_218.wav
ekin_parca_219.wav,ekin,ses_dosyalari/new_wav_folder\ekin_parca_219.wav
ekin_parca_22.wav,ekin,ses_dosyalari/new_wav_folder\ekin_parca_22.wav
ekin_parca_220.wav,ekin,ses_dosyalari/new_wav_folder\ekin_parca_220.wav
ekin_parca_221.wav,ekin,ses_dosyalari/new_wav_folder\ekin_parca_221.wav
ekin_parca_222.wav,ekin,ses_dosyalari/new_wav_folder\ekin_parca_222.wav
ekin_parca_223.wav,ekin,ses_dosyalari/new_wav_folder\ekin_parca_223.wav
ekin_parca_224.wav,ekin,ses_dosyalari/new_wav_folder\ekin_parca_224.wav
ekin_parca_225.wav,ekin,ses_dosyalari/new_wav_folder\ekin_parca_225.wav
ekin_parca_226.wav,ekin,ses_dosyalari/new_wav_folder\ekin_parca_226.wav
ekin_parca_227.wav,ekin,ses_dosyalari/new_wav_folder\ekin_parca_227.wav
ekin_parca_228.wav,ekin,ses_dosyalari/new_wav_folder\ekin_parca_228.wav
ekin_parca_229.wav,ekin,ses_dosyalari/new_wav_folder\ekin_parca_229.wav
ekin_parca_23.wav,ekin,ses_dosyalari/new_wav_folder\ekin_parca_23.wav
ekin_parca_230.wav,ekin,ses_dosyalari/new_wav_folder\ekin_parca_230.wav
ekin_parca_231.wav,ekin,ses_dosyalari/new_wav_folder\ekin_parca_231.wav
ekin_parca_232.wav,ekin,ses_dosyalari/new_wav_folder\ekin_parca_232.wav
ekin_parca_233.wav,ekin,ses_dosyalari/new_wav_folder\ekin_parca_233.wav
ekin_parca_234.wav,ekin,ses_dosyalari/new_wav_folder\ekin_parca_234.wav
ekin_parca_235.wav,ekin,ses_dosyalari/new_wav_folder\ekin_parca_235.wav
ekin_parca_236.wav,ekin,ses_dosyalari/new_wav_folder\ekin_parca_236.wav
ekin_parca_237.wav,ekin,ses_dosyalari/new_wav_folder\ekin_parca_237.wav
ekin_parca_238.wav,ekin,ses_dosyalari/new_wav_folder\ekin_parca_238.wav
ekin_parca_239.wav,ekin,ses_dosyalari/new_wav_folder\ekin_parca_239.wav
ekin_parca_24.wav,ekin,ses_dosyalari/new_wav_folder\ekin_parca_24.wav
ekin_parca_240.wav,ekin,ses_dosyalari/new_wav_folder\ekin_parca_240.wav
ekin_parca_241.wav,ekin,ses_dosyalari/new_wav_folder\ekin_parca_241.wav
ekin_parca_242.wav,ekin,ses_dosyalari/new_wav_folder\ekin_parca_242.wav
ekin_parca_243.wav,ekin,ses_dosyalari/new_wav_folder\ekin_parca_243.wav
ekin_parca_244.wav,ekin,ses_dosyalari/new_wav_folder\ekin_parca_244.wav
ekin_parca_245.wav,ekin,ses_dosyalari/new_wav_folder\ekin_parca_245.wav
ekin_parca_246.wav,ekin,ses_dosyalari/new_wav_folder\ekin_parca_246.wav
ekin_parca_247.wav,ekin,ses_dosyalari/new_wav_folder\ekin_parca_247.wav
ekin_parca_248.wav,ekin,ses_dosyalari/new_wav_folder\ekin_parca_248.wav
ekin_parca_249.wav,ekin,ses_dosyalari/new_wav_folder\ekin_parca_249.wav
ekin_parca_25.wav,ekin,ses_dosyalari/new_wav_folder\ekin_parca_25.wav
ekin_parca_250.wav,ekin,ses_dosyalari/new_wav_folder\ekin_parca_250.wav
ekin_parca_251.wav,ekin,ses_dosyalari/new_wav_folder\ekin_parca_251.wav
ekin_parca_252.wav,ekin,ses_dosyalari/new_wav_folder\ekin_parca_252.wav
ekin_parca_253.wav,ekin,ses_dosyalari/new_wav_folder\ekin_parca_253.wav
ekin_parca_254.wav,ekin,ses_dosyalari/new_wav_folder\ekin_parca_254.wav
ekin_parca_255.wav,ekin,ses_dosyalari/new_wav_folder\ekin_parca_255.wav
ekin_parca_256.wav,ekin,ses_dosyalari/new_wav_folder\ekin_parca_256.wav
ekin_parca_257.wav,ekin,ses_dosyalari/new_wav_folder\ekin_parca_257.wav
ekin_parca_258.wav,ekin,ses_dosyalari/new_wav_folder\ekin_parca_258.wav
ekin_parca_259.wav,ekin,ses_dosyalari/new_wav_folder\ekin_parca_259.wav
ekin_parca_26.wav,ekin,ses_dosyalari/new_wav_folder\ekin_parca_26.wav
ekin_parca_260.wav,ekin,ses_dosyalari/new_wav_folder\ekin_parca_260.wav
ekin_parca_261.wav,ekin,ses_dosyalari/new_wav_folder\ekin_parca_261.wav
ekin_parca_262.wav,ekin,ses_dosyalari/new_wav_folder\ekin_parca_262.wav
ekin_parca_263.wav,ekin,ses_dosyalari/new_wav_folder\ekin_parca_263.wav
ekin_parca_264.wav,ekin,ses_dosyalari/new_wav_folder\ekin_parca_264.wav
ekin_parca_265.wav,ekin,ses_dosyalari/new_wav_folder\ekin_parca_265.wav
ekin_parca_266.wav,ekin,ses_dosyalari/new_wav_folder\ekin_parca_266.wav
ekin_parca_267.wav,ekin,ses_dosyalari/new_wav_folder\ekin_parca_267.wav
ekin_parca_268.wav,ekin,ses_dosyalari/new_wav_folder\ekin_parca_268.wav
ekin_parca_269.wav,ekin,ses_dosyalari/new_wav_folder\ekin_parca_269.wav
ekin_parca_27.wav,ekin,ses_dosyalari/new_wav_folder\ekin_parca_27.wav
ekin_parca_270.wav,ekin,ses_dosyalari/new_wav_folder\ekin_parca_270.wav
ekin_parca_271.wav,ekin,ses_dosyalari/new_wav_folder\ekin_parca_271.wav
ekin_parca_272.wav,ekin,ses_dosyalari/new_wav_folder\ekin_parca_272.wav
ekin_parca_273.wav,ekin,ses_dosyalari/new_wav_folder\ekin_parca_273.wav
ekin_parca_274.wav,ekin,ses_dosyalari/new_wav_folder\ekin_parca_274.wav
ekin_parca_275.wav,ekin,ses_dosyalari/new_wav_folder\ekin_parca_275.wav
ekin_parca_276.wav,ekin,ses_dosyalari/new_wav_folder\ekin_parca_276.wav
ekin_parca_277.wav,ekin,ses_dosyalari/new_wav_folder\ekin_parca_277.wav
ekin_parca_28.wav,ekin,ses_dosyalari/new_wav_folder\ekin_parca_28.wav
ekin_parca_29.wav,ekin,ses_dosyalari/new_wav_folder\ekin_parca_29.wav
ekin_parca_3.wav,ekin,ses_dosyalari/new_wav_folder\ekin_parca_3.wav
ekin_parca_30.wav,ekin,ses_dosyalari/new_wav_folder\ekin_parca_30.wav
ekin_parca_31.wav,ekin,ses_dosyalari/new_wav_folder\ekin_parca_31.wav
ekin_parca_32.wav,ekin,ses_dosyalari/new_wav_folder\ekin_parca_32.wav
ekin_parca_33.wav,ekin,ses_dosyalari/new_wav_folder\ekin_parca_33.wav
ekin_parca_34.wav,ekin,ses_dosyalari/new_wav_folder\ekin_parca_34.wav
ekin_parca_35.wav,ekin,ses_dosyalari/new_wav_folder\ekin_parca_35.wav
ekin_parca_36.wav,ekin,ses_dosyalari/new_wav_folder\ekin_parca_36.wav
ekin_parca_37.wav,ekin,ses_dosyalari/new_wav_folder\ekin_parca_37.wav
ekin_parca_38.wav,ekin,ses_dosyalari/new_wav_folder\ekin_parca_38.wav
ekin_parca_39.wav,ekin,ses_dosyalari/new_wav_folder\ekin_parca_39.wav
ekin_parca_4.wav,ekin,ses_dosyalari/new_wav_folder\ekin_parca_4.wav
ekin_parca_40.wav,ekin,ses_dosyalari/new_wav_folder\ekin_parca_40.wav
ekin_parca_41.wav,ekin,ses_dosyalari/new_wav_folder\ekin_parca_41.wav
ekin_parca_42.wav,ekin,ses_dosyalari/new_wav_folder\ekin_parca_42.wav
ekin_parca_43.wav,ekin,ses_dosyalari/new_wav_folder\ekin_parca_43.wav
ekin_parca_44.wav,ekin,ses_dosyalari/new_wav_folder\ekin_parca_44.wav
ekin_parca_45.wav,ekin,ses_dosyalari/new_wav_folder\ekin_parca_45.wav
ekin_parca_46.wav,ekin,ses_dosyalari/new_wav_folder\ekin_parca_46.wav
ekin_parca_47.wav,ekin,ses_dosyalari/new_wav_folder\ekin_parca_47.wav
ekin_parca_48.wav,ekin,ses_dosyalari/new_wav_folder\ekin_parca_48.wav
ekin_parca_49.wav,ekin,ses_dosyalari/new_wav_folder\ekin_parca_49.wav
ekin_parca_5.wav,ekin,ses_dosyalari/new_wav_folder\ekin_parca_5.wav
ekin_parca_50.wav,ekin,ses_dosyalari/new_wav_folder\ekin_parca_50.wav
ekin_parca_51.wav,ekin,ses_dosyalari/new_wav_folder\ekin_parca_51.wav
ekin_parca_52.wav,ekin,ses_dosyalari/new_wav_folder\ekin_parca_52.wav
ekin_parca_53.wav,ekin,ses_dosyalari/new_wav_folder\ekin_parca_53.wav
ekin_parca_54.wav,ekin,ses_dosyalari/new_wav_folder\ekin_parca_54.wav
ekin_parca_55.wav,ekin,ses_dosyalari/new_wav_folder\ekin_parca_55.wav
ekin_parca_56.wav,ekin,ses_dosyalari/new_wav_folder\ekin_parca_56.wav
ekin_parca_57.wav,ekin,ses_dosyalari/new_wav_folder\ekin_parca_57.wav
ekin_parca_58.wav,ekin,ses_dosyalari/new_wav_folder\ekin_parca_58.wav
ekin_parca_59.wav,ekin,ses_dosyalari/new_wav_folder\ekin_parca_59.wav
ekin_parca_6.wav,ekin,ses_dosyalari/new_wav_folder\ekin_parca_6.wav
ekin_parca_60.wav,ekin,ses_dosyalari/new_wav_folder\ekin_parca_60.wav
ekin_parca_61.wav,ekin,ses_dosyalari/new_wav_folder\ekin_parca_61.wav
ekin_parca_62.wav,ekin,ses_dosyalari/new_wav_folder\ekin_parca_62.wav
ekin_parca_63.wav,ekin,ses_dosyalari/new_wav_folder\ekin_parca_63.wav
ekin_parca_64.wav,ekin,ses_dosyalari/new_wav_folder\ekin_parca_64.wav
ekin_parca_65.wav,ekin,ses_dosyalari/new_wav_folder\ekin_parca_65.wav
ekin_parca_66.wav,ekin,ses_dosyalari/new_wav_folder\ekin_parca_66.wav
ekin_parca_67.wav,ekin,ses_dosyalari/new_wav_folder\ekin_parca_67.wav
ekin_parca_68.wav,ekin,ses_dosyalari/new_wav_folder\ekin_parca_68.wav
ekin_parca_69.wav,ekin,ses_dosyalari/new_wav_folder\ekin_parca_69.wav
ekin_parca_7.wav,ekin,ses_dosyalari/new_wav_folder\ekin_parca_7.wav
ekin_parca_70.wav,ekin,ses_dosyalari/new_wav_folder\ekin_parca_70.wav
ekin_parca_71.wav,ekin,ses_dosyalari/new_wav_folder\ekin_parca_71.wav
ekin_parca_72.wav,ekin,ses_dosyalari/new_wav_folder\ekin_parca_72.wav
ekin_parca_73.wav,ekin,ses_dosyalari/new_wav_folder\ekin_parca_73.wav
ekin_parca_74.wav,ekin,ses_dosyalari/new_wav_folder\ekin_parca_74.wav
ekin_parca_75.wav,ekin,ses_dosyalari/new_wav_folder\ekin_parca_75.wav
ekin_parca_76.wav,ekin,ses_dosyalari/new_wav_folder\ekin_parca_76.wav
ekin_parca_77.wav,ekin,ses_dosyalari/new_wav_folder\ekin_parca_77.wav
ekin_parca_78.wav,ekin,ses_dosyalari/new_wav_folder\ekin_parca_78.wav
ekin_parca_79.wav,ekin,ses_dosyalari/new_wav_folder\ekin_parca_79.wav
ekin_parca_8.wav,ekin,ses_dosyalari/new_wav_folder\ekin_parca_8.wav
ekin_parca_80.wav,ekin,ses_dosyalari/new_wav_folder\ekin_parca_80.wav
ekin_parca_81.wav,ekin,ses_dosyalari/new_wav_folder\ekin_parca_81.wav
ekin_parca_82.wav,ekin,ses_dosyalari/new_wav_folder\ekin_parca_82.wav
ekin_parca_83.wav,ekin,ses_dosyalari/new_wav_folder\ekin_parca_83.wav
ekin_parca_84.wav,ekin,ses_dosyalari/new_wav_folder\ekin_parca_84.wav
ekin_parca_85.wav,ekin,ses_dosyalari/new_wav_folder\ekin_parca_85.wav
ekin_parca_86.wav,ekin,ses_dosyalari/new_wav_folder\ekin_parca_86.wav
ekin_parca_87.wav,ekin,ses_dosyalari/new_wav_folder\ekin_parca_87.wav
ekin_parca_88.wav,ekin,ses_dosyalari/new_wav_folder\ekin_parca_88.wav
ekin_parca_89.wav,ekin,ses_dosyalari/new_wav_folder\ekin_parca_89.wav
ekin_parca_9.wav,ekin,ses_dosyalari/new_wav_folder\ekin_parca_9.wav
ekin_parca_90.wav,ekin,ses_dosyalari/new_wav_folder\ekin_parca_90.wav
ekin_parca_91.wav,ekin,ses_dosyalari/new_wav_folder\ekin_parca_91.wav
ekin_parca_92.wav,ekin,ses_dosyalari/new_wav_folder\ekin_parca_92.wav
ekin_parca_93.wav,ekin,ses_dosyalari/new_wav_folder\ekin_parca_93.wav
ekin_parca_94.wav,ekin,ses_dosyalari/new_wav_folder\ekin_parca_94.wav
ekin_parca_95.wav,ekin,ses_dosyalari/new_wav_folder\ekin_parca_95.wav
ekin_parca_96.wav,ekin,ses_dosyalari/new_wav_folder\ekin_parca_96.wav
ekin_parca_97.wav,ekin,ses_dosyalari/new_wav_folder\ekin_parca_97.wav
ekin_parca_98.wav,ekin,ses_dosyalari/new_wav_folder\ekin_parca_98.wav
ekin_parca_99.wav,ekin,ses_dosyalari/new_wav_folder\ekin_parca_99.wav
hakan_parca_0.wav,hakan,ses_dosyalari/new_wav_folder\hakan_parca_0.wav
hakan_parca_1.wav,hakan,ses_dosyalari/new_wav_folder\hakan_parca_1.wav
hakan_parca_10.wav,hakan,ses_dosyalari/new_wav_folder\hakan_parca_10.wav
hakan_parca_100.wav,hakan,ses_dosyalari/new_wav_folder\hakan_parca_100.wav
hakan_parca_101.wav,hakan,ses_dosyalari/new_wav_folder\hakan_parca_101.wav
hakan_parca_102.wav,hakan,ses_dosyalari/new_wav_folder\hakan_parca_102.wav
hakan_parca_103.wav,hakan,ses_dosyalari/new_wav_folder\hakan_parca_103.wav
hakan_parca_104.wav,hakan,ses_dosyalari/new_wav_folder\hakan_parca_104.wav
hakan_parca_105.wav,hakan,ses_dosyalari/new_wav_folder\hakan_parca_105.wav
hakan_parca_106.wav,hakan,ses_dosyalari/new_wav_folder\hakan_parca_106.wav
hakan_parca_107.wav,hakan,ses_dosyalari/new_wav_folder\hakan_parca_107.wav
hakan_parca_108.wav,hakan,ses_dosyalari/new_wav_folder\hakan_parca_108.wav
hakan_parca_109.wav,hakan,ses_dosyalari/new_wav_folder\hakan_parca_109.wav
hakan_parca_11.wav,hakan,ses_dosyalari/new_wav_folder\hakan_parca_11.wav
hakan_parca_110.wav,hakan,ses_dosyalari/new_wav_folder\hakan_parca_110.wav
hakan_parca_111.wav,hakan,ses_dosyalari/new_wav_folder\hakan_parca_111.wav
hakan_parca_112.wav,hakan,ses_dosyalari/new_wav_folder\hakan_parca_112.wav
hakan_parca_113.wav,hakan,ses_dosyalari/new_wav_folder\hakan_parca_113.wav
hakan_parca_114.wav,hakan,ses_dosyalari/new_wav_folder\hakan_parca_114.wav
hakan_parca_115.wav,hakan,ses_dosyalari/new_wav_folder\hakan_parca_115.wav
hakan_parca_116.wav,hakan,ses_dosyalari/new_wav_folder\hakan_parca_116.wav
hakan_parca_117.wav,hakan,ses_dosyalari/new_wav_folder\hakan_parca_117.wav
hakan_parca_118.wav,hakan,ses_dosyalari/new_wav_folder\hakan_parca_118.wav
hakan_parca_119.wav,hakan,ses_dosyalari/new_wav_folder\hakan_parca_119.wav
hakan_parca_12.wav,hakan,ses_dosyalari/new_wav_folder\hakan_parca_12.wav
hakan_parca_120.wav,hakan,ses_dosyalari/new_wav_folder\hakan_parca_120.wav
hakan_parca_121.wav,hakan,ses_dosyalari/new_wav_folder\hakan_parca_121.wav
hakan_parca_122.wav,hakan,ses_dosyalari/new_wav_folder\hakan_parca_122.wav
hakan_parca_123.wav,hakan,ses_dosyalari/new_wav_folder\hakan_parca_123.wav
hakan_parca_124.wav,hakan,ses_dosyalari/new_wav_folder\hakan_parca_124.wav
hakan_parca_125.wav,hakan,ses_dosyalari/new_wav_folder\hakan_parca_125.wav
hakan_parca_126.wav,hakan,ses_dosyalari/new_wav_folder\hakan_parca_126.wav
hakan_parca_127.wav,hakan,ses_dosyalari/new_wav_folder\hakan_parca_127.wav
hakan_parca_128.wav,hakan,ses_dosyalari/new_wav_folder\hakan_parca_128.wav
hakan_parca_129.wav,hakan,ses_dosyalari/new_wav_folder\hakan_parca_129.wav
hakan_parca_13.wav,hakan,ses_dosyalari/new_wav_folder\hakan_parca_13.wav
hakan_parca_130.wav,hakan,ses_dosyalari/new_wav_folder\hakan_parca_130.wav
hakan_parca_131.wav,hakan,ses_dosyalari/new_wav_folder\hakan_parca_131.wav
hakan_parca_132.wav,hakan,ses_dosyalari/new_wav_folder\hakan_parca_132.wav
hakan_parca_133.wav,hakan,ses_dosyalari/new_wav_folder\hakan_parca_133.wav
hakan_parca_134.wav,hakan,ses_dosyalari/new_wav_folder\hakan_parca_134.wav
hakan_parca_135.wav,hakan,ses_dosyalari/new_wav_folder\hakan_parca_135.wav
hakan_parca_136.wav,hakan,ses_dosyalari/new_wav_folder\hakan_parca_136.wav
hakan_parca_137.wav,hakan,ses_dosyalari/new_wav_folder\hakan_parca_137.wav
hakan_parca_138.wav,hakan,ses_dosyalari/new_wav_folder\hakan_parca_138.wav
hakan_parca_139.wav,hakan,ses_dosyalari/new_wav_folder\hakan_parca_139.wav
hakan_parca_14.wav,hakan,ses_dosyalari/new_wav_folder\hakan_parca_14.wav
hakan_parca_140.wav,hakan,ses_dosyalari/new_wav_folder\hakan_parca_140.wav
hakan_parca_141.wav,hakan,ses_dosyalari/new_wav_folder\hakan_parca_141.wav
hakan_parca_142.wav,hakan,ses_dosyalari/new_wav_folder\hakan_parca_142.wav
hakan_parca_143.wav,hakan,ses_dosyalari/new_wav_folder\hakan_parca_143.wav
hakan_parca_144.wav,hakan,ses_dosyalari/new_wav_folder\hakan_parca_144.wav
hakan_parca_145.wav,hakan,ses_dosyalari/new_wav_folder\hakan_parca_145.wav
hakan_parca_146.wav,hakan,ses_dosyalari/new_wav_folder\hakan_parca_146.wav
hakan_parca_147.wav,hakan,ses_dosyalari/new_wav_folder\hakan_parca_147.wav
hakan_parca_148.wav,hakan,ses_dosyalari/new_wav_folder\hakan_parca_148.wav
hakan_parca_149.wav,hakan,ses_dosyalari/new_wav_folder\hakan_parca_149.wav
hakan_parca_15.wav,hakan,ses_dosyalari/new_wav_folder\hakan_parca_15.wav
hakan_parca_150.wav,hakan,ses_dosyalari/new_wav_folder\hakan_parca_150.wav
hakan_parca_151.wav,hakan,ses_dosyalari/new_wav_folder\hakan_parca_151.wav
hakan_parca_152.wav,hakan,ses_dosyalari/new_wav_folder\hakan_parca_152.wav
hakan_parca_153.wav,hakan,ses_dosyalari/new_wav_folder\hakan_parca_153.wav
hakan_parca_154.wav,hakan,ses_dosyalari/new_wav_folder\hakan_parca_154.wav
hakan_parca_155.wav,hakan,ses_dosyalari/new_wav_folder\hakan_parca_155.wav
hakan_parca_156.wav,hakan,ses_dosyalari/new_wav_folder\hakan_parca_156.wav
hakan_parca_157.wav,hakan,ses_dosyalari/new_wav_folder\hakan_parca_157.wav
hakan_parca_158.wav,hakan,ses_dosyalari/new_wav_folder\hakan_parca_158.wav
hakan_parca_159.wav,hakan,ses_dosyalari/new_wav_folder\hakan_parca_159.wav
hakan_parca_16.wav,hakan,ses_dosyalari/new_wav_folder\hakan_parca_16.wav
hakan_parca_160.wav,hakan,ses_dosyalari/new_wav_folder\hakan_parca_160.wav
hakan_parca_161.wav,hakan,ses_dosyalari/new_wav_folder\hakan_parca_161.wav
hakan_parca_162.wav,hakan,ses_dosyalari/new_wav_folder\hakan_parca_162.wav
hakan_parca_163.wav,hakan,ses_dosyalari/new_wav_folder\hakan_parca_163.wav
hakan_parca_164.wav,hakan,ses_dosyalari/new_wav_folder\hakan_parca_164.wav
hakan_parca_165.wav,hakan,ses_dosyalari/new_wav_folder\hakan_parca_165.wav
hakan_parca_166.wav,hakan,ses_dosyalari/new_wav_folder\hakan_parca_166.wav
hakan_parca_167.wav,hakan,ses_dosyalari/new_wav_folder\hakan_parca_167.wav
hakan_parca_168.wav,hakan,ses_dosyalari/new_wav_folder\hakan_parca_168.wav
hakan_parca_169.wav,hakan,ses_dosyalari/new_wav_folder\hakan_parca_169.wav
hakan_parca_17.wav,hakan,ses_dosyalari/new_wav_folder\hakan_parca_17.wav
hakan_parca_170.wav,hakan,ses_dosyalari/new_wav_folder\hakan_parca_170.wav
hakan_parca_171.wav,hakan,ses_dosyalari/new_wav_folder\hakan_parca_171.wav
hakan_parca_172.wav,hakan,ses_dosyalari/new_wav_folder\hakan_parca_172.wav
hakan_parca_173.wav,hakan,ses_dosyalari/new_wav_folder\hakan_parca_173.wav
hakan_parca_174.wav,hakan,ses_dosyalari/new_wav_folder\hakan_parca_174.wav
hakan_parca_175.wav,hakan,ses_dosyalari/new_wav_folder\hakan_parca_175.wav
hakan_parca_176.wav,hakan,ses_dosyalari/new_wav_folder\hakan_parca_176.wav
hakan_parca_177.wav,hakan,ses_dosyalari/new_wav_folder\hakan_parca_177.wav
hakan_parca_178.wav,hakan,ses_dosyalari/new_wav_folder\hakan_parca_178.wav
hakan_parca_179.wav,hakan,ses_dosyalari/new_wav_folder\hakan_parca_179.wav
hakan_parca_18.wav,hakan,ses_dosyalari/new_wav_folder\hakan_parca_18.wav
hakan_parca_180.wav,hakan,ses_dosyalari/new_wav_folder\hakan_parca_180.wav
hakan_parca_181.wav,hakan,ses_dosyalari/new_wav_folder\hakan_parca_181.wav
hakan_parca_182.wav,hakan,ses_dosyalari/new_wav_folder\hakan_parca_182.wav
hakan_parca_183.wav,hakan,ses_dosyalari/new_wav_folder\hakan_parca_183.wav
hakan_parca_184.wav,hakan,ses_dosyalari/new_wav_folder\hakan_parca_184.wav
hakan_parca_185.wav,hakan,ses_dosyalari/new_wav_folder\hakan_parca_185.wav
hakan_parca_186.wav,hakan,ses_dosyalari/new_wav_folder\hakan_parca_186.wav
hakan_parca_187.wav,hakan,ses_dosyalari/new_wav_folder\hakan_parca_187.wav
hakan_parca_188.wav,hakan,ses_dosyalari/new_wav_folder\hakan_parca_188.wav
hakan_parca_189.wav,hakan,ses_dosyalari/new_wav_folder\hakan_parca_189.wav
hakan_parca_19.wav,hakan,ses_dosyalari/new_wav_folder\hakan_parca_19.wav
hakan_parca_190.wav,hakan,ses_dosyalari/new_wav_folder\hakan_parca_190.wav
hakan_parca_191.wav,hakan,ses_dosyalari/new_wav_folder\hakan_parca_191.wav
hakan_parca_192.wav,hakan,ses_dosyalari/new_wav_folder\hakan_parca_192.wav
hakan_parca_193.wav,hakan,ses_dosyalari/new_wav_folder\hakan_parca_193.wav
hakan_parca_194.wav,hakan,ses_dosyalari/new_wav_folder\hakan_parca_194.wav
hakan_parca_195.wav,hakan,ses_dosyalari/new_wav_folder\hakan_parca_195.wav
hakan_parca_196.wav,hakan,ses_dosyalari/new_wav_folder\hakan_parca_196.wav
hakan_parca_197.wav,hakan,ses_dosyalari/new_wav_folder\hakan_parca_197.wav
hakan_parca_198.wav,hakan,ses_dosyalari/new_wav_folder\hakan_parca_198.wav
hakan_parca_199.wav,hakan,ses_dosyalari/new_wav_folder\hakan_parca_199.wav
hakan_parca_2.wav,hakan,ses_dosyalari/new_wav_folder\hakan_parca_2.wav
hakan_parca_20.wav,hakan,ses_dosyalari/new_wav_folder\hakan_parca_20.wav
hakan_parca_200.wav,hakan,ses_dosyalari/new_wav_folder\hakan_parca_200.wav
hakan_parca_201.wav,hakan,ses_dosyalari/new_wav_folder\hakan_parca_201.wav
hakan_parca_202.wav,hakan,ses_dosyalari/new_wav_folder\hakan_parca_202.wav
hakan_parca_203.wav,hakan,ses_dosyalari/new_wav_folder\hakan_parca_203.wav
hakan_parca_204.wav,hakan,ses_dosyalari/new_wav_folder\hakan_parca_204.wav
hakan_parca_205.wav,hakan,ses_dosyalari/new_wav_folder\hakan_parca_205.wav
hakan_parca_206.wav,hakan,ses_dosyalari/new_wav_folder\hakan_parca_206.wav
hakan_parca_207.wav,hakan,ses_dosyalari/new_wav_folder\hakan_parca_207.wav
hakan_parca_208.wav,hakan,ses_dosyalari/new_wav_folder\hakan_parca_208.wav
hakan_parca_209.wav,hakan,ses_dosyalari/new_wav_folder\hakan_parca_209.wav
hakan_parca_21.wav,hakan,ses_dosyalari/new_wav_folder\hakan_parca_21.wav
hakan_parca_210.wav,hakan,ses_dosyalari/new_wav_folder\hakan_parca_210.wav
hakan_parca_211.wav,hakan,ses_dosyalari/new_wav_folder\hakan_parca_211.wav
hakan_parca_212.wav,hakan,ses_dosyalari/new_wav_folder\hakan_parca_212.wav
hakan_parca_213.wav,hakan,ses_dosyalari/new_wav_folder\hakan_parca_213.wav
hakan_parca_214.wav,hakan,ses_dosyalari/new_wav_folder\hakan_parca_214.wav
hakan_parca_215.wav,hakan,ses_dosyalari/new_wav_folder\hakan_parca_215.wav
hakan_parca_216.wav,hakan,ses_dosyalari/new_wav_folder\hakan_parca_216.wav
hakan_parca_217.wav,hakan,ses_dosyalari/new_wav_folder\hakan_parca_217.wav
hakan_parca_218.wav,hakan,ses_dosyalari/new_wav_folder\hakan_parca_218.wav
hakan_parca_219.wav,hakan,ses_dosyalari/new_wav_folder\hakan_parca_219.wav
hakan_parca_22.wav,hakan,ses_dosyalari/new_wav_folder\hakan_parca_22.wav
hakan_parca_220.wav,hakan,ses_dosyalari/new_wav_folder\hakan_parca_220.wav
hakan_parca_221.wav,hakan,ses_dosyalari/new_wav_folder\hakan_parca_221.wav
hakan_parca_222.wav,hakan,ses_dosyalari/new_wav_folder\hakan_parca_222.wav
hakan_parca_223.wav,hakan,ses_dosyalari/new_wav_folder\hakan_parca_223.wav
hakan_parca_224.wav,hakan,ses_dosyalari/new_wav_folder\hakan_parca_224.wav
hakan_parca_225.wav,hakan,ses_dosyalari/new_wav_folder\hakan_parca_225.wav
hakan_parca_226.wav,hakan,ses_dosyalari/new_wav_folder\hakan_parca_226.wav
hakan_parca_227.wav,hakan,ses_dosyalari/new_wav_folder\hakan_parca_227.wav
hakan_parca_228.wav,hakan,ses_dosyalari/new_wav_folder\hakan_parca_228.wav
hakan_parca_229.wav,hakan,ses_dosyalari/new_wav_folder\hakan_parca_229.wav
hakan_parca_23.wav,hakan,ses_dosyalari/new_wav_folder\hakan_parca_23.wav
hakan_parca_230.wav,hakan,ses_dosyalari/new_wav_folder\hakan_parca_230.wav
hakan_parca_231.wav,hakan,ses_dosyalari/new_wav_folder\hakan_parca_231.wav
hakan_parca_232.wav,hakan,ses_dosyalari/new_wav_folder\hakan_parca_232.wav
hakan_parca_233.wav,hakan,ses_dosyalari/new_wav_folder\hakan_parca_233.wav
hakan_parca_234.wav,hakan,ses_dosyalari/new_wav_folder\hakan_parca_234.wav
hakan_parca_235.wav,hakan,ses_dosyalari/new_wav_folder\hakan_parca_235.wav
hakan_parca_236.wav,hakan,ses_dosyalari/new_wav_folder\hakan_parca_236.wav
hakan_parca_237.wav,hakan,ses_dosyalari/new_wav_folder\hakan_parca_237.wav
hakan_parca_238.wav,hakan,ses_dosyalari/new_wav_folder\hakan_parca_238.wav
hakan_parca_239.wav,hakan,ses_dosyalari/new_wav_folder\hakan_parca_239.wav
hakan_parca_24.wav,hakan,ses_dosyalari/new_wav_folder\hakan_parca_24.wav
hakan_parca_240.wav,hakan,ses_dosyalari/new_wav_folder\hakan_parca_240.wav
hakan_parca_241.wav,hakan,ses_dosyalari/new_wav_folder\hakan_parca_241.wav
hakan_parca_242.wav,hakan,ses_dosyalari/new_wav_folder\hakan_parca_242.wav
hakan_parca_243.wav,hakan,ses_dosyalari/new_wav_folder\hakan_parca_243.wav
hakan_parca_244.wav,hakan,ses_dosyalari/new_wav_folder\hakan_parca_244.wav
hakan_parca_245.wav,hakan,ses_dosyalari/new_wav_folder\hakan_parca_245.wav
hakan_parca_246.wav,hakan,ses_dosyalari/new_wav_folder\hakan_parca_246.wav
hakan_parca_247.wav,hakan,ses_dosyalari/new_wav_folder\hakan_parca_247.wav
hakan_parca_248.wav,hakan,ses_dosyalari/new_wav_folder\hakan_parca_248.wav
hakan_parca_249.wav,hakan,ses_dosyalari/new_wav_folder\hakan_parca_249.wav
hakan_parca_25.wav,hakan,ses_dosyalari/new_wav_folder\hakan_parca_25.wav
hakan_parca_250.wav,hakan,ses_dosyalari/new_wav_folder\hakan_parca_250.wav
hakan_parca_251.wav,hakan,ses_dosyalari/new_wav_folder\hakan_parca_251.wav
hakan_parca_252.wav,hakan,ses_dosyalari/new_wav_folder\hakan_parca_252.wav
hakan_parca_253.wav,hakan,ses_dosyalari/new_wav_folder\hakan_parca_253.wav
hakan_parca_254.wav,hakan,ses_dosyalari/new_wav_folder\hakan_parca_254.wav
hakan_parca_255.wav,hakan,ses_dosyalari/new_wav_folder\hakan_parca_255.wav
hakan_parca_256.wav,hakan,ses_dosyalari/new_wav_folder\hakan_parca_256.wav
hakan_parca_257.wav,hakan,ses_dosyalari/new_wav_folder\hakan_parca_257.wav
hakan_parca_258.wav,hakan,ses_dosyalari/new_wav_folder\hakan_parca_258.wav
hakan_parca_259.wav,hakan,ses_dosyalari/new_wav_folder\hakan_parca_259.wav
hakan_parca_26.wav,hakan,ses_dosyalari/new_wav_folder\hakan_parca_26.wav
hakan_parca_260.wav,hakan,ses_dosyalari/new_wav_folder\hakan_parca_260.wav
hakan_parca_261.wav,hakan,ses_dosyalari/new_wav_folder\hakan_parca_261.wav
hakan_parca_262.wav,hakan,ses_dosyalari/new_wav_folder\hakan_parca_262.wav
hakan_parca_263.wav,hakan,ses_dosyalari/new_wav_folder\hakan_parca_263.wav
hakan_parca_264.wav,hakan,ses_dosyalari/new_wav_folder\hakan_parca_264.wav
hakan_parca_265.wav,hakan,ses_dosyalari/new_wav_folder\hakan_parca_265.wav
hakan_parca_266.wav,hakan,ses_dosyalari/new_wav_folder\hakan_parca_266.wav
hakan_parca_267.wav,hakan,ses_dosyalari/new_wav_folder\hakan_parca_267.wav
hakan_parca_268.wav,hakan,ses_dosyalari/new_wav_folder\hakan_parca_268.wav
hakan_parca_269.wav,hakan,ses_dosyalari/new_wav_folder\hakan_parca_269.wav
hakan_parca_27.wav,hakan,ses_dosyalari/new_wav_folder\hakan_parca_27.wav
hakan_parca_270.wav,hakan,ses_dosyalari/new_wav_folder\hakan_parca_270.wav
hakan_parca_271.wav,hakan,ses_dosyalari/new_wav_folder\hakan_parca_271.wav
hakan_parca_272.wav,hakan,ses_dosyalari/new_wav_folder\hakan_parca_272.wav
hakan_parca_273.wav,hakan,ses_dosyalari/new_wav_folder\hakan_parca_273.wav
hakan_parca_274.wav,hakan,ses_dosyalari/new_wav_folder\hakan_parca_274.wav
hakan_parca_275.wav,hakan,ses_dosyalari/new_wav_folder\hakan_parca_275.wav
hakan_parca_28.wav,hakan,ses_dosyalari/new_wav_folder\hakan_parca_28.wav
hakan_parca_29.wav,hakan,ses_dosyalari/new_wav_folder\hakan_parca_29.wav
hakan_parca_3.wav,hakan,ses_dosyalari/new_wav_folder\hakan_parca_3.wav
hakan_parca_30.wav,hakan,ses_dosyalari/new_wav_folder\hakan_parca_30.wav
hakan_parca_31.wav,hakan,ses_dosyalari/new_wav_folder\hakan_parca_31.wav
hakan_parca_32.wav,hakan,ses_dosyalari/new_wav_folder\hakan_parca_32.wav
hakan_parca_33.wav,hakan,ses_dosyalari/new_wav_folder\hakan_parca_33.wav
hakan_parca_34.wav,hakan,ses_dosyalari/new_wav_folder\hakan_parca_34.wav
hakan_parca_35.wav,hakan,ses_dosyalari/new_wav_folder\hakan_parca_35.wav
hakan_parca_36.wav,hakan,ses_dosyalari/new_wav_folder\hakan_parca_36.wav
hakan_parca_37.wav,hakan,ses_dosyalari/new_wav_folder\hakan_parca_37.wav
hakan_parca_38.wav,hakan,ses_dosyalari/new_wav_folder\hakan_parca_38.wav
hakan_parca_39.wav,hakan,ses_dosyalari/new_wav_folder\hakan_parca_39.wav
hakan_parca_4.wav,hakan,ses_dosyalari/new_wav_folder\hakan_parca_4.wav
hakan_parca_40.wav,hakan,ses_dosyalari/new_wav_folder\hakan_parca_40.wav
hakan_parca_41.wav,hakan,ses_dosyalari/new_wav_folder\hakan_parca_41.wav
hakan_parca_42.wav,hakan,ses_dosyalari/new_wav_folder\hakan_parca_42.wav
hakan_parca_43.wav,hakan,ses_dosyalari/new_wav_folder\hakan_parca_43.wav
hakan_parca_44.wav,hakan,ses_dosyalari/new_wav_folder\hakan_parca_44.wav
hakan_parca_45.wav,hakan,ses_dosyalari/new_wav_folder\hakan_parca_45.wav
hakan_parca_46.wav,hakan,ses_dosyalari/new_wav_folder\hakan_parca_46.wav
hakan_parca_47.wav,hakan,ses_dosyalari/new_wav_folder\hakan_parca_47.wav
hakan_parca_48.wav,hakan,ses_dosyalari/new_wav_folder\hakan_parca_48.wav
hakan_parca_49.wav,hakan,ses_dosyalari/new_wav_folder\hakan_parca_49.wav
hakan_parca_5.wav,hakan,ses_dosyalari/new_wav_folder\hakan_parca_5.wav
hakan_parca_50.wav,hakan,ses_dosyalari/new_wav_folder\hakan_parca_50.wav
hakan_parca_51.wav,hakan,ses_dosyalari/new_wav_folder\hakan_parca_51.wav
hakan_parca_52.wav,hakan,ses_dosyalari/new_wav_folder\hakan_parca_52.wav
hakan_parca_53.wav,hakan,ses_dosyalari/new_wav_folder\hakan_parca_53.wav
hakan_parca_54.wav,hakan,ses_dosyalari/new_wav_folder\hakan_parca_54.wav
hakan_parca_55.wav,hakan,ses_dosyalari/new_wav_folder\hakan_parca_55.wav
hakan_parca_56.wav,hakan,ses_dosyalari/new_wav_folder\hakan_parca_56.wav
hakan_parca_57.wav,hakan,ses_dosyalari/new_wav_folder\hakan_parca_57.wav
hakan_parca_58.wav,hakan,ses_dosyalari/new_wav_folder\hakan_parca_58.wav
hakan_parca_59.wav,hakan,ses_dosyalari/new_wav_folder\hakan_parca_59.wav
hakan_parca_6.wav,hakan,ses_dosyalari/new_wav_folder\hakan_parca_6.wav
hakan_parca_60.wav,hakan,ses_dosyalari/new_wav_folder\hakan_parca_60.wav
hakan_parca_61.wav,hakan,ses_dosyalari/new_wav_folder\hakan_parca_61.wav
hakan_parca_62.wav,hakan,ses_dosyalari/new_wav_folder\hakan_parca_62.wav
hakan_parca_63.wav,hakan,ses_dosyalari/new_wav_folder\hakan_parca_63.wav
hakan_parca_64.wav,hakan,ses_dosyalari/new_wav_folder\hakan_parca_64.wav
hakan_parca_65.wav,hakan,ses_dosyalari/new_wav_folder\hakan_parca_65.wav
hakan_parca_66.wav,hakan,ses_dosyalari/new_wav_folder\hakan_parca_66.wav
hakan_parca_67.wav,hakan,ses_dosyalari/new_wav_folder\hakan_parca_67.wav
hakan_parca_68.wav,hakan,ses_dosyalari/new_wav_folder\hakan_parca_68.wav
hakan_parca_69.wav,hakan,ses_dosyalari/new_wav_folder\hakan_parca_69.wav
hakan_parca_7.wav,hakan,ses_dosyalari/new_wav_folder\hakan_parca_7.wav
hakan_parca_70.wav,hakan,ses_dosyalari/new_wav_folder\hakan_parca_70.wav
hakan_parca_71.wav,hakan,ses_dosyalari/new_wav_folder\hakan_parca_71.wav
hakan_parca_72.wav,hakan,ses_dosyalari/new_wav_folder\hakan_parca_72.wav
hakan_parca_73.wav,hakan,ses_dosyalari/new_wav_folder\hakan_parca_73.wav
hakan_parca_74.wav,hakan,ses_dosyalari/new_wav_folder\hakan_parca_74.wav
hakan_parca_75.wav,hakan,ses_dosyalari/new_wav_folder\hakan_parca_75.wav
hakan_parca_76.wav,hakan,ses_dosyalari/new_wav_folder\hakan_parca_76.wav
hakan_parca_77.wav,hakan,ses_dosyalari/new_wav_folder\hakan_parca_77.wav
hakan_parca_78.wav,hakan,ses_dosyalari/new_wav_folder\hakan_parca_78.wav
hakan_parca_79.wav,hakan,ses_dosyalari/new_wav_folder\hakan_parca_79.wav
hakan_parca_8.wav,hakan,ses_dosyalari/new_wav_folder\hakan_parca_8.wav
hakan_parca_80.wav,hakan,ses_dosyalari/new_wav_folder\hakan_parca_80.wav
hakan_parca_81.wav,hakan,ses_dosyalari/new_wav_folder\hakan_parca_81.wav
hakan_parca_82.wav,hakan,ses_dosyalari/new_wav_folder\hakan_parca_82.wav
hakan_parca_83.wav,hakan,ses_dosyalari/new_wav_folder\hakan_parca_83.wav
hakan_parca_84.wav,hakan,ses_dosyalari/new_wav_folder\hakan_parca_84.wav
hakan_parca_85.wav,hakan,ses_dosyalari/new_wav_folder\hakan_parca_85.wav
hakan_parca_86.wav,hakan,ses_dosyalari/new_wav_folder\hakan_parca_86.wav
hakan_parca_87.wav,hakan,ses_dosyalari/new_wav_folder\hakan_parca_87.wav
hakan_parca_88.wav,hakan,ses_dosyalari/new_wav_folder\hakan_parca_88.wav
hakan_parca_89.wav,hakan,ses_dosyalari/new_wav_folder\hakan_parca_89.wav
hakan_parca_9.wav,hakan,ses_dosyalari/new_wav_folder\hakan_parca_9.wav
hakan_parca_90.wav,hakan,ses_dosyalari/new_wav_folder\hakan_parca_90.wav
hakan_parca_91.wav,hakan,ses_dosyalari/new_wav_folder\hakan_parca_91.wav
hakan_parca_92.wav,hakan,ses_dosyalari/new_wav_folder\hakan_parca_92.wav
hakan_parca_93.wav,hakan,ses_dosyalari/new_wav_folder\hakan_parca_93.wav
hakan_parca_94.wav,hakan,ses_dosyalari/new_wav_folder\hakan_parca_94.wav
hakan_parca_95.wav,hakan,ses_dosyalari/new_wav_folder\hakan_parca_95.wav
hakan_parca_96.wav,hakan,ses_dosyalari/new_wav_folder\hakan_parca_96.wav
hakan_parca_97.wav,hakan,ses_dosyalari/new_wav_folder\hakan_parca_97.wav
hakan_parca_98.wav,hakan,ses_dosyalari/new_wav_folder\hakan_parca_98.wav
hakan_parca_99.wav,hakan,ses_dosyalari/new_wav_folder\hakan_parca_99.wav
